{"cameraMode":{"drawMode":0,"name":"Shaded","section":"Shading Mode"},"sceneLighting":false,"audioPlay":false,"sceneViewState":{"m_AlwaysRefresh":false,"showFog":true,"showSkybox":false,"showFlares":true,"showImageEffects":true,"showParticleSystems":true,"showVisualEffectGraphs":true,"m_FxEnabled":true},"in2DMode":false,"pivot":{"x":483.8052062988281,"y":499.3797607421875,"z":-113.02874755859375},"rotation":{"x":-0.11703810840845108,"y":-0.006855178624391556,"z":0.0008078368264250457,"w":-0.9931062459945679},"size":283.97894287109377,"orthographic":false}