{"cameraMode":{"drawMode":0,"name":"Shaded","section":"Shading Mode"},"sceneLighting":true,"audioPlay":false,"sceneViewState":{"m_AlwaysRefresh":false,"showFog":true,"showSkybox":false,"showFlares":true,"showImageEffects":true,"showParticleSystems":true,"showVisualEffectGraphs":true,"m_FxEnabled":true},"in2DMode":false,"pivot":{"x":1.956136703491211,"y":1.8550186157226563,"z":16.708200454711915},"rotation":{"x":0.04069628193974495,"y":-0.6519759893417358,"z":-0.034987084567546847,"w":-0.7564422488212586},"size":12.505699157714844,"orthographic":false}