{"cameraMode":{"drawMode":0,"name":"Shaded","section":"Shading Mode"},"sceneLighting":false,"audioPlay":false,"sceneViewState":{"m_AlwaysRefresh":false,"showFog":true,"showSkybox":false,"showFlares":true,"showImageEffects":true,"showParticleSystems":true,"showVisualEffectGraphs":true,"m_FxEnabled":true},"in2DMode":false,"pivot":{"x":2.4017937183380129,"y":0.18592983484268189,"z":-0.06564003974199295},"rotation":{"x":0.2608520984649658,"y":0.5535089373588562,"z":-0.18793314695358277,"w":0.7683018445968628},"size":2.610762596130371,"orthographic":false}