{"cameraMode":{"drawMode":0,"name":"Shaded","section":"Shading Mode"},"sceneLighting":true,"audioPlay":false,"sceneViewState":{"m_AlwaysRefresh":false,"showFog":true,"showSkybox":false,"showFlares":true,"showImageEffects":true,"showParticleSystems":true,"showVisualEffectGraphs":true,"m_FxEnabled":true},"in2DMode":false,"pivot":{"x":7.924244403839111,"y":-7.956653118133545,"z":36.765811920166019},"rotation":{"x":-0.07825580984354019,"y":-0.3673977553844452,"z":0.031135670840740205,"w":-0.9263635277748108},"size":12.481605529785157,"orthographic":false}