{"cameraMode":{"drawMode":0,"name":"Shaded","section":"Shading Mode"},"sceneLighting":true,"audioPlay":false,"sceneViewState":{"m_AlwaysRefresh":false,"showFog":true,"showSkybox":false,"showFlares":true,"showImageEffects":true,"showParticleSystems":true,"showVisualEffectGraphs":true,"m_FxEnabled":true},"in2DMode":false,"pivot":{"x":8.370527267456055,"y":-8.338088989257813,"z":36.23981857299805},"rotation":{"x":-0.08473552763462067,"y":-0.37961745262145998,"z":0.035038381814956668,"w":-0.9207093715667725},"size":12.911748886108399,"orthographic":false}