{"cameraMode":{"drawMode":0,"name":"Shaded","section":"Shading Mode"},"sceneLighting":true,"audioPlay":false,"sceneViewState":{"m_AlwaysRefresh":false,"showFog":true,"showSkybox":true,"showFlares":true,"showImageEffects":true,"showParticleSystems":true,"showVisualEffectGraphs":true,"m_FxEnabled":true},"in2DMode":false,"pivot":{"x":-239.95411682128907,"y":285.2492370605469,"z":337.23101806640627},"rotation":{"x":0.049903348088264468,"y":0.9473806023597717,"z":-0.18906916677951814,"w":0.2535117566585541},"size":19.545392990112306,"orthographic":false}