{"cameraMode":{"drawMode":0,"name":"Shaded","section":"Shading Mode"},"sceneLighting":true,"audioPlay":false,"sceneViewState":{"m_AlwaysRefresh":false,"showFog":true,"showSkybox":true,"showFlares":true,"showImageEffects":true,"showParticleSystems":true,"showVisualEffectGraphs":true,"m_FxEnabled":true},"in2DMode":false,"pivot":{"x":43.823081970214847,"y":-1.7427825927734376,"z":145.71978759765626},"rotation":{"x":0.0023904205299913885,"y":-0.9839709997177124,"z":0.17634150385856629,"w":0.012668690644204617},"size":27.531097412109376,"orthographic":false}