{"cameraMode":{"drawMode":0,"name":"Shaded","section":"Shading Mode"},"sceneLighting":true,"audioPlay":false,"sceneViewState":{"m_AlwaysRefresh":false,"showFog":true,"showSkybox":true,"showFlares":true,"showImageEffects":true,"showParticleSystems":true,"showVisualEffectGraphs":true,"m_FxEnabled":true},"in2DMode":false,"pivot":{"x":-116.13912963867188,"y":15.967445373535157,"z":97.07769775390625},"rotation":{"x":0.02471492625772953,"y":-0.9324753880500794,"z":0.3545153737068176,"w":0.06501008570194245},"size":0.8660253882408142,"orthographic":false}