{"cameraMode":{"drawMode":0,"name":"Shaded","section":"Shading Mode"},"sceneLighting":true,"audioPlay":false,"sceneViewState":{"m_AlwaysRefresh":false,"showFog":true,"showSkybox":true,"showFlares":true,"showImageEffects":true,"showParticleSystems":true,"showVisualEffectGraphs":true,"m_FxEnabled":true},"in2DMode":false,"pivot":{"x":-112.92990112304688,"y":1.5719536542892457,"z":83.91289520263672},"rotation":{"x":0.005403215531259775,"y":0.9847710728645325,"z":-0.16888487339019776,"w":0.03374802693724632},"size":13.249642372131348,"orthographic":false}