{"cameraMode":{"drawMode":0,"name":"Shaded","section":"Shading Mode"},"sceneLighting":true,"audioPlay":false,"sceneViewState":{"m_AlwaysRefresh":false,"showFog":true,"showSkybox":true,"showFlares":true,"showImageEffects":true,"showParticleSystems":true,"showVisualEffectGraphs":true,"m_FxEnabled":true},"in2DMode":false,"pivot":{"x":-112.83578491210938,"y":0.1291961669921875,"z":70.41490173339844},"rotation":{"x":-0.05158501863479614,"y":0.9336787462234497,"z":-0.15001527965068818,"w":-0.32105961441993716},"size":13.24964427947998,"orthographic":false}