{"cameraMode":{"drawMode":0,"name":"Shaded","section":"Shading Mode"},"sceneLighting":true,"audioPlay":false,"sceneViewState":{"m_AlwaysRefresh":false,"showFog":true,"showSkybox":false,"showFlares":true,"showImageEffects":true,"showParticleSystems":true,"showVisualEffectGraphs":true,"m_FxEnabled":true},"in2DMode":false,"pivot":{"x":1.3052582740783692,"y":-3.015012741088867,"z":19.92794418334961},"rotation":{"x":-0.034941501915454867,"y":-0.6009513735771179,"z":0.026410425081849099,"w":-0.7981835603713989},"size":12.505699157714844,"orthographic":false}